JD,Magnitude
2456659.2292,11.1
2456660.2,9.9
2456660.21,10.7
2456660.225,11.3
2456660.28611,11
2456660.2903,10.9
2456660.5,10.9
2456660.7257,11.2
2456661.45972,10.6
2456661.5,11.3
2456661.59028,10.5
2456662.2438,10.4
2456662.49306,7.5
2456663.2243,11.2
2456664.2,10.6
2456665,11.6
2456665.3944,11.4
2456667.32,11
2456668.2,10.8
2456668.2,10.7
2456669.2743,11.1
2456670.1882,11.2
2456670.2,11.6
2456670.25347,11
2456674.2875,11.2
2456675.20139,11.2
2456676.2542,11.5
2456679.5,11.7
2456681.48819,11.7
2456689.29653,11.7
2456690.6819,11.1
2456691.2542,12.3
2456693.21,12
2456698,12.3
2456700.94653,11.4
2456710.2729,12.1
2456711.6576,12.3
2456717.92639,12.8
2456719.8,12.7
2456724.6,12.7
2456729.603137,14.355
2456729.60338,12.624
2456729.9,13
2456737.92153,13.1
2456739.4,12.3
2456740.8,13.2
2456745.618148,15.016
2456745.618391,13.09
2456745.97222,13.4
2456747.6321,13.4
2456750.7,13.3
2456755.714,9.9
2456756.65,13.3
2456758.630556,13.528
2456762.59,13.5
2456765.6153,12.3
2456775.8,13.8
2456781.4,13.7
2456781.465995,14.143
2456784.3833,13.8
2456784.97888,14.189
2456786.501,14.48
2456788.53,14.52
2456792.637,14.65
2456793.511,14.36
2456795.535,14.75
2456795.6,13.8
2456796.93883,14.74
2456798.3854,13.6
2456798.39,13.8
2456799.3,14
2456800.42,14.2
2456801.4521,13.8
2456803.47,14.5
2456806.523,14.68
2456808.6,14
2456808.74514,13.6
2456809.6,13.8
2456813.42,13.6
2456814.363,13.8
2456815.39,13.6
2456815.508,15.01
2456815.83194,13.6
2456816.498,14.82
2456817.4,14.5
2456817.511,14.59
2456818.499,15.06
2456825.5,13.8
2456828.526,15.12
2456829.5243,12.8
2456831.4125,13.8
2456832.3,14
2456835.512,15.11
2456835.71181,14
2456835.72796,14.754
2456836.4,14.5
2456836.46,14.3
2456837.5,14.1
2456840.3686,14
2456840.5042,13.6
2456841.45833,14.2
2456841.5,12.4
2456842.35,13.4
2456843.67713,14.509
2456843.67868,15.682
2456843.68025,8.98
2456844.69519,14.682
2456846.36,12.3
2456848.4979,13.6
2456853.516,14.29
2456854.3,14.4
2456855.6,14
2456862.45833,14
2456862.5292,13.6
2456862.6688,13.6
2456863.509,14.17
2456863.656655,13.901
2456864.3941,13.9
2456865.5,13.9
2456867.8382,13.4
2456869.3,13.6
2456869.5708,13.6
2456870.558,13.68
2456872.46,13.4
2456873.679097,13.479
2456875.8,13.5
2456877.41728,13.377
2456883.618,12.4
2456884.58681,12.3
2456885.44028,13.2
2456885.6,10.9
2456885.678831,12.895
2456887.35,12.9
2456887.6,13
2456887.606,13.4
2456888.3,12.9
2456888.4012,13.2
2456888.44792,13.4
2456889.4972,12.8
2456891.49,13.1
2456892.3,13.3
2456892.74236,12.9
2456894.7368,12.7
2456895.4119,12.6
2456897.438,12.4
2456897.5,12.5
2456897.8,12.8
2456898.578,12.8
2456899.6236,12.3
2456901.81597,12.6
2456904.39,12.3
2456906.572,12.4
2456907.8,12.3
2456909.3,12.1
2456912.4111,11.4
2456912.445,11.44
2456912.56458,11.2
2456913.3507,11.2
2456913.4028,11.5
2456913.6,11.8
2456914.32,11.9
2456914.584,11.3
2456914.633576,11.299
2456915.3368,11.5
2456915.35069,11.7
2456915.6528,12
2456916.37431,11
2456917.22847,11.4
2456917.333125,12.691
2456917.333287,11.054
2456917.60556,11.3
2456917.65588,11.049
2456917.7,11.8
2456918.4,11.6
2456919.31,10.6
2456919.3514,11.1
2456919.3848,11.4
2456919.6,11.2
2456919.634456,10.87
2456920.26319,11.3
2456920.631,10.9
2456921.308345,12.357
2456921.308542,10.675
2456921.4,10.5
2456921.423356,10.295
2456921.68839,11.2
2456922.3,10.6
2456923.3139,10.7
2456923.3514,10.8
2456923.58194,11.2
2456923.640347,10.498
2456924.35,10.4
2456924.358634,12.048
2456924.358785,10.384
2456924.36111,10.5
2456924.4201,10.7
2456924.5,10.7
2456924.6042,11.1
2456926.4316,10.21
2456926.75556,10.9
2456927.405,10.02
2456927.5,10
2456927.57292,9.8
2456927.6,10.9
2456927.62308,10.813
2456928.295903,11.598
2456928.296065,10.017
2456928.3,10.1
2456928.341,11.2
2456928.3417,10.3
2456928.3535,10.1
2456928.38056,9.9
2456928.66181,10.2
2456929.3,9.9
2456929.3454,10.4
2456929.37,10.3
2456929.3814,10
2456929.5,10.1
2456929.5306,10.4
2456930.28,10
2456931.348,9.7
2456932.3,9.9
2456932.3326,10
2456932.394,9.57
2456932.42,9.7
2456932.452,9.632
2456932.5,9.6
2456932.57639,9.6
2456932.6,9.8
2456933.2826,9.9
2456933.36875,9.9
2456934.2125,10.3
2456934.2986,9.9
2456934.305,9.3
2456934.3722,9.8
2456935.3354,9.8
2456935.4639,9.4
2456935.48,9.6
2456935.79556,9.8
2456936.2701,9.9
2456938.425,9.3
2456939.37361,9.3
2456939.52083,9.3
2456940.2,9.5
2456940.2806,9.4
2456940.3,9.4
2456940.39,9.3
2456940.6,9.5
2456940.604,9.6
2456941.20417,8.8
2456941.3,9.6
2456942.27,9
2456942.38837,9.014
2456942.393275,10.366
2456942.393426,9.012
2456942.5,9
2456942.6,9.3
2456943.2,9
2456943.2922,9.1
2456944.27,9
2456944.3053,9.2
2456944.6361,9
2456945.56501,8.768
2456945.61413,8.9
2456946.2667,8.7
2456946.40625,8.7
2456946.70208,9.1
2456947.5222,8.4
2456948.252,9.2
2456948.3069,9.4
2456948.33353,8.56
2456948.36319,8.8
2456949.20903,9.2
2456949.2438,9.4
2456949.261887,10.04
2456949.262037,8.59
2456949.3,9.3
2456949.3,9.1
2456949.373,9.3
2456949.3868,9.1
2456949.51389,9.2
2456949.6604,8.7
2456949.72305,8.5
2456950.2826,9.2
2456950.2979,9
2456950.38,8.5
2456950.39931,8.6
2456950.411,8.5
2456950.585,9.7
2456950.67361,8.6
2456951.3,8.7
2456952.2,9.4
2456952.509,9.4
2456952.6875,8.5
2456953.33,9
2456953.4,9.6
2456953.54306,8.7
2456953.55556,8.9
2456953.6,9
2456953.64838,9.5
2456954.34362,8.39
2456954.43264,8.6
2456955.25,9.2
2456955.28,8.6
2456955.2854,8.8
2456956.3,9
2456956.32,9.1
2456956.3396,8.6
2456956.3569,9.3
2456956.375,8.7
2456956.71875,8.4
2456957.22781,8.35
2456957.24394,8.33
2456957.26124,8.3
2456957.27277,8.27
2456957.28292,8.3
2456957.29177,8.31
2456957.389109,8.414
2456957.4028,9.1
2456957.5,8.6
2456957.52363,8.404
2456958.2,9
2456958.2444,8.2
2456958.2535,9.1
2456958.2599,9.4
2456958.262,8.8
2456958.3,8.6
2456958.3,8.2
2456958.3,8.6
2456958.34,8.5
2456958.391065,8.38
2456958.425,8.3
2456958.542,9.2
2456959.27,8.4
2456959.2917,9.1
2456959.362755,8.343
2456959.3769,8.3
2456959.5,8.5
2456960.51389,8.4
2456960.5931,9
2456961.37109,8.338
2456961.4,8.2
2456962.19375,8.8
2456962.3229,8.8
2456962.36806,8.6
2456962.424,8.6
2456962.452454,8.324
2456963.191,8.7
2456963.3181,8.6
2456963.382,8.25
2456964.3069,8.2
2456965.2333,8.2
2456965.2611,8.1
2456965.27,8.5
2456966.2,9
2456966.3,8.6
2456967.22778,8.2
2456967.2572,8.6
2456967.34,8
2456967.6076,8.6
2456968.348,8.4
2456969.3382,8.1
2456969.4375,8.1
2456969.52083,8.2
2456969.633,8.8
2456969.7,8.6
2456970.25,8.1
2456970.67847,8.6
2456971.2,8.5
2456971.3118,8.1
2456971.34,8.1
2456972.3,8.7
2456972.3,8.75
2456972.31,8.5
2456972.33333,8.6
2456973.2,8.3
2456973.2326,8.6
2456973.2375,8.2
2456973.3931,8.6
2456974.32,7.8
2456974.3417,8.1
2456974.40972,8.2
2456976.22,8.1
2456977.21806,8.4
2456977.2354,8.6
2456978.25,8.3
2456978.41667,8.6
2456979.35069,9.1
2456979.6,8.2
2456979.6,8.8
2456980.23568,8.27
2456980.24922,8.29
2456980.2684,8.8
2456981.21667,8.6
2456981.35,8.5
2456982.17639,8.5
2456982.36,8.8
2456982.5,8.7
2456983.618,9.1
2456984.186,8.5
2456984.1875,8.9
2456984.313958,9.777
2456984.314132,8.457
2456985.182,8.5
2456985.2125,8.9
2456985.23,8.8
2456985.31,8.7
2456985.34,7.9
2456986.2,9.4
2456986.2569,9
2456986.3,8.6
2456986.31597,8.7
2456986.3222,8.5
2456987.34722,8.7
2456987.6354,8
2456988.1979,9
2456988.61846,10.376
2456988.61847,8.467
2456989.33,7.9
2456990.4,8.87
2456990.66806,9.1
2456992.32,7.9
2456993.4028,8.8
2456994.40278,9
2456995.2347,8.6
2456996.2,9.1
2456996.5,8.8
2456996.572,9.1
2456997.17986,8.8
2456997.24931,8.6
2456998.3,8.8
2456998.5,9.2
2456999.38,8.2
2457000.175,8.9
2457000.2146,9.1
2457001.2257,9.1
2457001.27843,8.61
2457001.33795,8.63
2457001.35995,8.68
2457002.24653,8.2
2457002.3125,9
2457003.2986,8.9
2457004.3146,8.9
2457005.3,8.9
2457005.3181,9.7
2457005.39,9.2
2457006.2,9.1
2457006.226,9.6
2457006.3,9.12
2457008.4181,9.1
2457009.2,9.7
2457010.22,9.3
2457010.3681,9.1
2457011.17917,8.8
2457011.5,9.2
2457012.17,9.5
2457012.19653,9.3
2457012.39,9.1
2457013.2,9.6
2457013.3,8.6
2457015.307,8.87
2457016.2,9.5
2457016.39,9.3
2457016.437,9.6
2457016.716,9.2
2457017.59792,9.4
2457018.172,9.5
2457018.21,9.7
2457019.18125,9
2457019.2743,9.5
2457020.26736,9.3
2457020.27014,9.3
2457020.38,9.4
2457020.5,9.6
2457021.2,9.7
2457021.293,8.94
2457022,9.3
2457022.19,9.4
2457022.302,8.97
2457024.745,9.04
2457025.2438,9.4
2457027.1875,9.4
2457027.2,9.7
2457027.21,9.9
2457027.2181,9.1
2457027.2389,9.2
2457027.25697,9.08
2457027.2757,9.5
2457027.27944,8.98
2457027.2826,9.4
2457027.4,9.65
2457028.2,9.6
2457030.178,9.7
2457030.5,9.7
2457031.39,9.5
2457032.36597,9.3
2457032.5,9.7
2457033.18542,9.7
2457033.2,8.9
2457033.6,9.6
2457034.3264,9.61
2457036.2,9.8
2457036.557,9.7
2457037.25625,9.8
2457038.18889,9.8
2457038.19,9.8
2457038.1965,9.5
2457038.59,9.6
2457040.2083,9.9
2457040.217,9.7
2457041.2819,9.9
2457041.717,9.7
2457042.5,9.8
2457043.721,9.8
2457046.2986,9.67
2457046.6,9.8
2457046.723,9.9
2457049.6958,9.7
2457051,9.9
2457051.58,9.8
2457051.6507,10.2
2457052.2153,9.8
2457052.2319,10.2
2457053.24186,9.79
2457053.9,9.9
2457054.2,9.3
2457054.215,9.8
2457054.2917,10.1
2457054.7375,10.3
2457055.2222,10.4
2457057.20208,10
2457058.2583,10.1
2457059.21,9.8
2457060.3,9.85
2457060.71,10
2457061.21389,10.2
2457061.225,10.5
2457061.715,9.8
2457062.2361,10.4
2457062.36806,10
2457062.7431,9.9
2457064.9,10.4
2457066.21,10.2
2457066.2535,10.2
2457066.34861,10.3
2457066.65417,10.9
2457066.6951,10.4
2457067.7271,9.8
2457068.24,10
2457068.69,10.1
2457068.7069,10.6
2457069,10.3
2457069.6028,10.5
2457069.67,9.9
2457070.6438,10.5
2457070.6521,10.1
2457070.72,10.3
2457071.2743,10.1
2457073.6285,10.5
2457073.7153,10.52
2457074,10.9
2457074.5868,10.5
2457074.6,10
2457075.72,10.3
2457076.6486,10.6
2457078.6875,10.5
2457079.6,10
2457080.4986,10.6
2457080.72,10.4
2457081.6563,10.64
2457081.95139,11
2457082,10.7
2457083.67,10.4
2457084.6771,10.8
2457086.72,10.5
2457086.9,11.3
2457091.65,10.6
2457093.65556,10.7
2457095.36042,10.9
2457096.6944,11.1
2457098.5972,10.8
2457099.59,10.8
2457099.8,11.3
2457103.9,11.2
2457104.530683,10.31
2457104.531944,10.237
2457106.39236,11
2457107.468634,10.206
2457110.6111,11.2
2457110.8,11.6
2457113.63,11
2457113.64,11
2457117.6076,10.5
2457122.42014,11.9
2457122.617,11.12
2457123.89236,11.5
2457124.559,11.22
2457124.7,11.9
2457124.9,11.8
2457125.526,11.19
2457125.5764,11.2
2457126.347,11.9
2457126.37639,11.6
2457126.545,11.2
2457127.559,11.22
2457128.47,11.9
2457129.90972,11.2
2457130.6153,11.6
2457130.85764,11.3
2457131.42,10.9
2457131.5479,12.3
2457131.6667,11.2
2457133.5,12.4
2457134.42361,11.2
2457134.47,12.4
2457134.601,11.44
2457135.4,11.7
2457135.60833,11.9
2457135.6139,11.5
2457136.341,11.9
2457136.8,12.4
2457137.8,12.1
2457138.5854,11.2
2457138.87847,12
2457139.4826,11.9
2457140.616,11.7
2457141.4674,12.4
2457150.39,12.4
2457150.73,10.7
2457151.4917,11.8
2457152.4,12.4
2457152.4826,10.7
2457155.5354,12.4
2457156.45417,12.4
2457156.8,12.5
2457158.43056,12.7
2457159.3,12.8
2457159.35,12.6
2457159.52,12.8
2457159.5417,11.2
2457159.585,12.11
2457160.584676,11.888
2457164.529375,11.984
2457164.71319,12.9
2457166.7,12.7
2457170.4306,12.9
2457171.5694,11.2
2457171.626,12.6
2457172.3,12.6
2457172.36,13.2
2457174.441,12.8
2457177.69583,12.8
2457178.461,12.5
2457178.4736,12.8
2457178.566,10.7
2457179.39,13
2457179.46875,12.9
2457180.4174,13.2
2457180.42,13
2457180.7,12.8
2457183.4611,12.8
2457185.5264,11.2
2457186.3,12.7
2457186.39,12.9
2457187.38,13
2457190.4542,13.3
2457190.461134,12.812
2457190.7,13
2457191.4,12.9
2457191.44,13.3
2457192.49,13.4
2457193.4931,11.2
2457193.70625,13.6
2457193.72083,13.1
2457195.418,13.7
2457195.4736,13.3
2457195.6441,13
2457197.442639,13.064
2457198.657,13
2457200.3,13.3
2457201.4618,10.7
2457201.5,13.8
2457203.35417,9.9
2457207.393,12.8
2457207.4549,13.5
2457207.563692,12.963
2457208.43,13.5
2457209.38,13.6
2457210.3,13.5
2457210.4,13.8
2457210.42478,13.429
2457210.425,13.43
2457210.49306,13.5
2457211.4618,10.7
2457212.36,12.3
2457213.5,13.7
2457214.631,13.6
2457214.7,13.5
2457215.70764,13.8
2457216.437,13.8
2457218.48819,12.8
2457221.3896,13.6
2457221.69375,13.6
2457223.4,13.8
2457223.4201,11.2
2457224.383,14
2457224.4139,14.1
2457225.6,13.7
2457226.3,13.8
2457226.49,13.5
2457227.9918,14.064
2457229.453426,14.032
2457229.48713,13.949
2457231.4333,13.7
2457240.3,14
2457240.3729,13.8
2457240.6,14
2457241.4,13.9
2457241.4375,13.9
2457242.7104,14
2457244.36,14
2457244.74444,13.6
2457246.31,14.1
2457246.45139,14
2457246.49306,12.4
2457247.67422,14.523
2457248.44,13.9
2457249.4194,14
2457252.5431,11
2457253.37,13.9
2457254.4,14.1
2457255.646,14.325
2457255.65,15.513
2457258.3,14.2
2457258.34,13.9
2457259.4931,11.2
2457259.5194,12.9
2457263.37431,9.9
2457267.3785,13.6
2457268.3,14
2457272.4965,10.7
2457273.826,10.8
2457275.31,13.6
2457275.4264,14.2
2457276.3813,14.1
2457276.391,13.8
2457276.49306,13.6
2457277.4722,10.7
2457277.61867,14.051
2457277.6375,13.799
2457278.5,13.7
2457278.61841,13.985
2457279.67351,14.067
2457280.6,13.8
2457280.66389,13.6
2457282.3,14.1
2457283.35,13.6
2457283.5847,12
2457283.6056,13.3
2457283.61054,13.465
2457285.4,12.8
2457286.6076,13.1
2457287.4563,11.2
2457289.5772,13.205
2457290.517,13.52
2457291.3767,13.208
2457291.512,13.37
2457293.315058,13.28
2457295.2493,13.4
2457296.353588,15.1
2457296.353866,12.966
2457296.3896,13.4
2457296.45044,12.912
2457297.3,13.6
2457297.44361,12.842
2457297.6,13.1
2457298.3,12.9
2457298.32,13.2
2457298.34,13.2
2457298.343,12.7
2457298.40972,13
2457298.4435,12.754
2457298.70863,12.912
2457299.5035,10.7
2457299.6278,13.2
2457300.68198,13
2457302.775,12.8
2457303.3,12.6
2457303.41548,12.387
2457304.29,13.1
2457306.26,13
2457306.3944,12.7
2457306.45833,9.9
2457306.51597,12.6
2457306.5431,12.6
2457307.3,12.2
2457307.3576,12.5
2457308.41545,12.008
2457310.6,12.5
2457312.441,10.7
2457313.80625,11.8
2457315.563,11.9
2457316.4,11.9
2457318.2,11.8
2457318.24,11.2
2457318.38194,11.2
2457319.539,11.4
2457321.19653,11.2
2457321.2896,11.6
2457321.3875,11.1
2457321.5,11.5
2457322.295741,10.934
2457323.3,11
2457324.2417,10.9
2457324.64583,10.8
2457326.22153,11
2457326.28,11.3
2457326.34,10.9
2457326.546,10.4
2457327.29,10.5
2457327.309,10.1
2457328.3,10.9
2457328.3,11
2457328.303,9.9
2457328.3715,10.4
2457328.38889,10.2
2457328.49955,10.281
2457329.2,10.1
2457329.4368,10.8
2457329.603,11
2457330.4063,10.8
2457330.4181,10.1
2457330.5,10.9
2457330.53125,10.4
2457331.18,10.4
2457331.5743,10.4
2457333.18194,10.1
2457333.4,9.9
2457334.27,9.7
2457334.354,9.72
2457334.7095,9.74
2457335.2194,9.7
2457335.2549,10.4
2457335.280243,9.753
2457335.2867,9.9
2457335.418,9.63
2457335.53681,9.6
2457336.36,9.54
2457336.659,9.3
2457337.2,9.8
2457337.31111,10.2
2457337.423,9.39
2457337.5249,9.7
2457338.3,9.7
2457338.372,9.3
2457338.4,9.7
2457338.53125,9.5
2457339.2424,9.3
2457339.3229,9.7
2457339.419,9.17
2457339.42,9.6
2457339.44722,9.2
2457340.17639,9.4
2457341.29167,9.4
2457341.5,9.7
2457342.23403,8.6
2457342.3,8.9
2457342.3333,9.2
2457342.39236,9.1
2457342.48107,8.814
2457342.5,9.6
2457342.611,9.6
2457343.23,9.3
2457343.2861,9.2
2457344.17292,9.2
2457344.38,9.3
2457345.2,8.4
2457345.2465,9.4
2457347.17014,8.5
2457348.36,8.8
2457349.26736,9.1
2457349.3,9.1
2457350.2,8.6
2457350.4,8.6
2457350.4,8
2457350.4292,8
2457351.28125,8.7
2457351.49106,7.963
2457351.6,8.5
2457352.576,8.4
2457353.3,7.8
2457354.173,8
2457354.22778,8
2457354.28333,8.5
2457354.2861,8.1
2457354.32,7.7
2457355.16875,7.8
2457355.28611,9
2457355.3,8
2457357.2653,9
2457357.3,8
2457357.3,8
2457358.2625,7.9
2457358.3,8.1
2457358.92708,7.2
2457359.2,7.9
2457359.25,8.1
2457359.268032,7.818
2457360.172,7.4
2457360.23889,7.9
2457361.223,7.2
2457361.3,8.1
2457361.3229,8.1
2457361.383,7.94
2457361.5,8.2
2457362.2917,7.7
2457362.5,8.4
2457363.191,7.6
2457363.21,8.2
2457363.3,7.9
2457363.30139,7.64
2457363.46441,7.433
2457364.1528,8
2457364.28611,7.8
2457364.3,7.5
2457365.177,7
2457365.2549,8.1
2457365.3,7.8
2457365.546,7.9
2457365.58958,7.1
2457366.25417,7.8
2457366.343,7
2457367.1896,7.6
2457367.3688,7.7
2457367.4153,7.9
2457368.2,8
2457368.3,7
2457368.684,8
2457369.19792,7
2457369.267801,7.592
2457369.3,7.8
2457369.4,7.3
2457370.1681,8
2457370.26944,7.5
2457371.29861,7.3
2457374.3,7
2457375.7208,7.2
2457376.17917,6.8
2457376.6813,7.3
2457377.1972,7.3
2457377.207,7.6
2457377.24,6.5
2457377.3,7.3
2457377.5,7.4
2457378.20972,7.13
2457379.27361,7.3
2457379.3,7.3
2457379.3,7.1
2457379.6979,6.8
2457380.232,6.9
2457380.2567,7.7
2457380.2785,7.1
2457380.341,6.8
2457380.6931,6.9
2457381.24,6.8
2457381.3,7
2457382.27083,6.9
2457382.284,7.22
2457383.20694,6.9
2457383.249,7.22
2457384.19306,6.93
2457384.2375,7.2
2457384.248,7.5
2457385.272,7.44
2457385.3,6.7
2457385.33611,7.4
2457386.1785,6.7
2457386.2,7.4
2457386.2396,7.2
2457386.27,7.3
2457387.171,6.7
2457387.3,6.9
2457387.3694,7
2457388.2,7.7
2457388.31,6.5
2457388.719,6.7
2457389.298,6.7
2457390.216,7
2457391.22,7.3
2457391.5,7.8
2457392.51108,6.949
2457393.19236,6.8
2457393.2014,7.3
2457394.7375,7.2
2457395.2,7.6
2457395.26,6.5
2457395.3,7.1
2457395.7021,6.9
2457396.1875,6.8
2457396.218,6.8
2457396.2715,7.1
2457396.3,6.6
2457396.76806,6.6
2457397.186,6.8
2457397.3569,7
2457398.2299,7
2457399.43,6.3
2457400.3201,7
2457401.18,6.8
2457401.69,7.4
2457402.2,7.1
2457402.349,7.06
2457403.2847,7.8
2457405.2042,7.3
2457405.2618,7.3
2457405.72,7.4
2457405.73,6.7
2457406,7.7
2457406.2,7.7
2457406.2,7.2
2457406.7264,7
2457407.2201,7
2457408.26,6.5
2457408.3,7.3
2457408.6,6.7
2457409.19,6.7
2457409.2569,7.3
2457409.725,7
2457410.215,6.8
2457412.3,7
2457413.304,6.9
2457413.375,7
2457414.2,7.2
2457415.72,6.5
2457416.215,6.9
2457416.3,7.9
2457416.6986,6.9
2457417.2,7.3
2457418.668,7
2457422.217,7.1
2457423.2847,7.6
2457423.6,7.2
2457424,8.3
2457425.2882,7
2457425.3,8
2457427.732,7.3
2457429.72,6.8
2457430.22,7.4
2457430.25,7.1
2457430.7021,7.2
2457432.684,8.4
2457432.9,8.7
2457433.07095,7.558
2457433.07144,7.526
2457434.07603,7.604
2457434.2396,8
2457435.04404,7.637
2457435.22,7.3
2457435.6972,8.5
2457435.7042,7
2457438.02205,7.641
2457439.05551,7.74
2457439.05593,7.733
2457441.34861,7.8
2457441.72,7
2457442.01044,7.849
2457442.01083,7.856
2457442.23,7.6
2457442.6944,7.6
2457443.00767,7.876
2457443.00806,7.876
2457444.00498,7.903
2457444.7097,7.6
2457444.9,8.7
2457445.00213,7.937
2457445.00253,7.922
2457445.6493,7.7
2457445.67,8.2
2457445.99972,7.962
2457446.00013,7.928
2457446.631,7.8
2457446.94444,8.1
2457446.99671,7.952
2457446.99671,7.957
2457446.99712,7.89
2457447.99406,7.919
2457447.99448,7.961
2457448.293,7.8
2457448.99135,7.982
2457448.99183,7.965
2457449.99049,8.035
2457449.99089,8.009
2457450.356,7.9
2457450.98619,8.073
2457450.9866,8.059
2457451.7083,9
2457452.05324,8.096
2457452.05365,8.07
2457455.70833,8.2
2457456.383,8.4
2457456.6,8.1
2457456.675,7.9
2457457.349,8.4
2457457.584,8.6
2457457.63542,8.1
2457457.70833,8.7
2457458.03116,8.242
2457458.03156,8.231
2457459.04128,8.367
2457459.04221,8.259
2457459.88472,8.7
2457459.9,9
2457461.6549,8.7
2457462.03638,8.344
2457462.03679,8.343
2457463.03779,8.369
2457463.03819,8.362
2457463.6118,8.9
2457463.93819,8.4
2457463.96221,8.525
2457463.96271,8.474
2457464.349,8.4
2457465.00753,8.421
2457465.00795,8.424
2457465.58,9.1
2457465.6368,8.3
2457465.6458,9
2457466.03215,8.453
2457466.03257,8.449
2457466.63,8.52
2457467.00876,8.474
2457467.00917,8.465
2457468.01682,8.493
2457468.01723,8.468
2457469.8,8.8
2457469.95354,8.567
2457469.95403,8.573
2457470.97417,8.597
2457470.97458,8.604
2457471.346,8.5
2457471.92789,8.623
2457471.9283,8.61
2457473.92248,8.695
2457473.92356,8.686
2457474.63,9
2457475.01951,8.713
2457475.01993,8.696
2457475.298,8.8
2457477.299,8.8
2457478.03269,8.792
2457478.0331,8.793
2457478.38333,8.8
2457478.4139,8.5
2457480.0061,8.861
2457480.00649,8.86
2457480.5979,8.9
2457480.8,9.6
2457480.90333,8.889
2457480.90375,8.865
2457481.5799,8.9
2457481.603,8.8
2457481.9027,8.928
2457481.90311,8.909
2457482.92535,8.951
2457482.92576,8.945
2457483.924,8.983
2457483.92441,8.984
2457484.5271,9.3
2457484.93745,9.007
2457484.93786,9.007
2457485.3951,9
2457485.64,9.3
2457485.94521,9.055
2457485.94563,8.991
2457486.305,8.8
2457486.3882,9.2
2457486.45903,9.22
2457486.6319,9.9
2457487.3847,9.3
2457487.61458,10
2457488.59,9.5
2457489.315,9.4
2457489.4854,9.2
2457489.552,9.38
2457490.462454,9.379
2457490.6354,9.7
2457490.8,9.8
2457491.01872,9.225
2457491.01911,9.221
2457491.4944,9.3
2457492.6076,10.2
2457493.4472,9.4
2457494.00404,9.307
2457494.00444,9.317
2457494.3,9.8
2457494.3285,9.4
2457494.346,9.3
2457494.56,10
2457495.66,9.4
2457496.02263,9.394
2457496.02302,9.391
2457496.6125,9.4
2457497.02345,9.416
2457497.02385,9.416
2457497.475729,9.557
2457497.5639,9.5
2457498.01957,9.435
2457498.01997,9.441
2457498.55,9.7
2457498.642685,9.589
2457498.643218,9.624
2457499.334,9.5
2457499.3938,9.6
2457499.631065,9.64
2457499.85153,9.499
2457499.85194,9.51
2457500.3931,9.5
2457500.94931,9.5
2457501.4896,10.4
2457501.52292,9.5
2457501.8,10.2
2457502.315,9.7
2457502.4667,9.5
2457503.5625,9.5
2457504.5035,9.7
2457504.56,10.1
2457505.432627,9.912
2457507.3438,9.9
2457507.4653,10.5
2457508.4,10.3
2457509.5,10.2
2457510.3646,9.9
2457510.4,10.5
2457511.342,9.9
2457512.403113,10.038
2457512.403854,10.034
2457512.4618,9.7
2457512.59,10.3
2457512.8,10.8
2457513.342,9.9
2457513.6222,9.6
2457514.4132,10.1
2457514.73264,10.3
2457515.356,9.9
2457515.4,9.8
2457515.4056,10.4
2457516.353,9.9
2457516.3542,10
2457516.38,10
2457516.44,9.7
2457516.48,10.5
2457516.6,9.9
2457517.3,10.1
2457517.3875,10.4
2457518.3958,10.6
2457518.4,9.9
2457519.345,9.9
2457519.3549,10.6
2457520.3944,10.6
2457520.5174,10.7
2457521.5764,10.6
2457521.75764,10.7
2457522.4583,9.7
2457522.7,11.2
2457523.379,9.9
2457523.59,10.4
2457524.5,11
2457525.537,10.42
2457527.56,10.5
2457529.37,10.6
2457529.4632,10
2457529.563,10.54
2457529.97411,10.424
2457529.97457,10.435
2457530.579,10.52
2457531.52,10.6
2457532.419167,10.605
2457534.5,11.1
2457534.99473,10.577
2457534.99512,10.589
2457535.4472,9.7
2457535.94872,9.911
2457535.94981,10.592
2457536.4514,11
2457537.43,11.4
2457537.95747,10.727
2457537.95855,10.634
2457538.3771,11
2457538.73611,10.7
2457538.95789,10.696
2457538.95843,10.688
2457539.3951,11
2457539.6,11.8
2457539.94997,10.719
2457539.95047,10.709
2457540.0927,10.9
2457540.39,10.8
2457540.77054,10.736
2457540.77104,10.742
2457541.86293,10.756
2457541.86333,10.765
2457542.6,10.7
2457542.90104,10.804
2457542.90146,10.806
2457543.33611,10.6
2457543.4306,9.7
2457543.778,10.7
2457543.78958,11.1
2457543.96385,10.837
2457543.96428,10.831
2457544.44,11.6
2457544.95209,10.843
2457544.95265,10.859
2457545.434,11.1
2457546.4,11.6
2457546.4181,11.1
2457546.5,10.7
2457546.96337,10.928
2457546.9638,10.934
2457547.4,11.2
2457547.45,11.7
2457547.6,11
2457547.97733,10.94
2457547.97781,10.959
2457548.28472,10.8
2457548.41,11.2
2457548.434,10.9
2457548.96336,10.977
2457548.96387,10.986
2457549.4167,11.4
2457549.97329,11.016
2457550.29028,11.3
2457550.4194,9.7
2457550.98318,11.044
2457550.98361,11.062
2457551.45,11.7
2457552.97132,11.093
2457552.97172,11.088
2457554.77632,11.6
2457555.29861,11.4
2457556.3,11.9
2457556.5,11.7
2457557.29583,11.8
2457557.652,11.4
2457557.89932,11.24
2457557.89988,11.241
2457558.384,11.6
2457558.44,12
2457558.97375,11.294
2457558.97422,11.288
2457559.75612,11.5
2457559.86507,11.295
2457559.86556,11.298
2457561.3944,11.6
2457561.64818,11.493
2457561.87571,11.361
2457561.87622,11.375
2457562.4319,9.7
2457562.81396,11.383
2457562.81447,11.385
2457563.377,12
2457563.4153,11.7
2457563.6,12.6
2457564.30139,12.3
2457564.4035,11.7
2457564.97259,11.458
2457564.97304,11.478
2457565.46,12.1
2457565.633,11.8
2457565.7139,12.6
2457565.7213,11.384
2457565.7217,13.8
2457565.98069,11.499
2457565.98112,11.476
2457566.3889,11.7
2457566.8005,11.509
2457566.80098,11.518
2457567.77532,11.541
2457567.7758,11.557
2457568.3,12.4
2457568.508,11.79
2457568.74765,14.053
2457568.75065,11.51
2457568.75141,9.01
2457568.75183,6.395
2457569.39,12.6
2457569.3958,12.2
2457569.7542,12.3
2457570.97631,11.639
2457570.97682,11.645
2457571.29514,12.4
2457571.86412,11.684
2457571.86455,11.68
2457572.441,12.1
2457572.4576,11.9
2457572.5,12
2457573.384,12
2457573.67569,12.7
2457573.8025,11.738
2457573.80301,11.703
2457574.3972,12.1
2457574.6,12.6
2457574.87235,11.748
2457574.87291,11.769
2457575.39,12.7
2457575.4,12.5
2457575.6393,11.805
2457575.98159,11.799
2457575.98208,11.825
2457576.4063,10.9
2457576.417801,12.043
2457576.5,12.7
2457576.629,12.6
2457576.77894,14.423
2457576.78196,11.803
2457576.78271,9.048
2457576.78314,6.796
2457577.29861,12.5
2457577.4479,12.3
2457577.5,12.4
2457578.0299,10.9
2457578.70747,11.874
2457578.70793,11.882
2457579.37,12.3
2457579.687743,11.761
2457580.3,12.5
2457580.63,12.4
2457581.4,12.6
2457581.76399,14.425
2457581.767,11.927
2457581.76774,9.358
2457581.76815,6.526
2457583.4063,12.3
2457583.4569,12.8
2457583.5,12.8
2457584.4139,10.5
2457584.5778,12.8
2457585.418854,12.169
2457585.4396,12.6
2457586.636,13.2
2457586.77514,14.521
2457586.77814,12.099
2457586.77882,9.483
2457586.77917,6.934
2457587.499,12.36
2457588.3813,9.7
2457588.680926,11.973
2457589.3722,12.5
2457590.63,12.8
2457590.67763,12.252
2457590.67815,12.254
2457590.76755,14.59
2457590.77056,12.247
2457590.7713,9.584
2457590.77171,6.956
2457592.73647,14.705
2457592.73947,12.297
2457592.74022,9.662
2457592.74064,6.932
2457594.3,13.5
2457594.3972,13
2457595.476,12.57
2457595.5,12.9
2457595.6,12.8
2457595.62874,12.736
2457595.692257,12.342
2457596.4465,12.9
2457597.569,12.64
2457598.499,12.77
2457598.74271,14.86
2457598.74569,12.502
2457598.74644,9.815
2457598.74685,7.156
2457599.514,12.86
2457599.68889,13.2
2457600.3688,13
2457601.4153,12.9
2457602.366,13
2457602.5,13.1
2457602.73626,14.854
2457602.73927,12.675
2457602.73995,9.829
2457602.74032,7.235
2457603.3771,10.9
2457603.4278,13.4
2457603.7331,12.687
2457604.34028,12.7
2457604.4,13.5
2457604.574,12.9
2457604.74949,12.693
2457604.75,12.717
2457605.36,13.1
2457605.43,12.5
2457605.67987,14.897
2457605.68029,12.638
2457605.7,13.1
2457606.3,13.8
2457606.4,13
2457607.4,13.7
2457607.78167,12.785
2457607.78235,10.114
2457607.7827,7.365
2457608.3632,13.3
2457608.442,13.08
2457608.54,13.2
2457608.6,13
2457609.4,13.1
2457609.45556,12.8
2457609.656,13.5
2457609.71081,15.037
2457609.71123,12.804
2457611.67075,13.048
2457611.67122,13.078
2457611.73929,12.901
2457611.73997,10.206
2457611.74033,7.685
2457612.6,13.4
2457613.66775,12.923
2457613.66824,12.999
2457614.574,13.19
2457617.66705,13.086
2457617.66763,13.081
2457618.72847,15.208
2457618.72888,13.084
2457619.68183,13.107
2457619.68237,13.16
2457620.4458,13.5
2457620.75089,13.199
2457620.75163,10.491
2457620.75207,7.695
2457621.625,11.9
2457622.3681,10.5
2457623.38819,12.7
2457623.4,13.7
2457623.445,13.5
2457623.5201,11.2
2457624.8672,13.185
2457624.86779,13.213
2457625.446,13.51
2457625.66142,13.307
2457625.66184,13.261
2457626.43403,13.6
2457626.67666,13.32
2457626.67711,13.343
2457627.38125,13.2
2457627.59931,13.6
2457627.615,13.8
2457627.7,13.5
2457627.72355,15.522
2457627.72655,13.448
2457627.7273,10.588
2457627.72773,7.754
2457628.36,13.4
2457629.33,13.7
2457629.4271,10.5
2457629.484,13.72
2457629.84585,11.9
2457630.48,13.5
2457631.3597,13.9
2457631.47137,13.8
2457631.6,13.7
2457633.3,14.1
2457634.447,13.75
2457635.32153,12.7
2457635.660845,13.451
2457636.6,12.9
2457636.6681,13.9
2457637.6973,13.666
2457637.69984,15.562
2457637.7,13.6
2457637.70678,8.21
2457637.70747,10.876
2457637.70852,13.761
2457638.6021,13.8
2457639.29,13.8
2457639.4236,10.5
2457639.6,14
2457639.6645,15.641
2457639.66492,13.733
2457640.439,14.1
2457640.45,13.7
2457641.436,13.93
2457642.5931,13.6
2457651.34792,12.2
2457652.3563,10.9
2457652.6,13.8
2457655.4,13.7
2457655.58472,13.8
2457656.1083,10.9
2457656.34028,9.9
2457656.39,14
2457656.6194,14.2
2457656.67642,15.901
2457656.67683,14.154
2457657.29,13.6
2457662.38,14.2
2457664.5,14.2
2457665.3667,10.9
2457665.82957,14.459
2457665.83012,14.473
2457666.3,13.8
2457666.34722,14.1
2457666.3965,13.8
2457667.6826,13.6
2457668.5514,14.2
2457668.60672,14.453
2457668.60708,14.435
2457669.3,14.1
2457670.28,14.3
2457671.31,13.1
2457671.69862,14.476
2457671.69905,14.501
2457672.33611,12.8
2457674.62166,16.047
2457674.62206,14.668
2457681.52773,14.66
2457682.4201,10.9
2457682.5,13.8
2457684.3,14.4
2457684.53125,12.9
2457684.63681,12.9
2457689.5,13.8
2457690.23,13
2457690.362,14.95
2457690.42351,14.621
2457691.36,13.6
2457692.36668,14.621
2457693.3,13.5
2457694.27,13.2
2457696.27,14.6
2457696.28,13.1
2457696.58199,14.628
2457696.5825,14.538
2457696.6297,14.682
2457696.63056,16.22
2457697.2,14.2
2457697.51111,12.9
2457697.58694,14.63
2457697.58751,14.692
2457697.94792,14.4
2457699.5,13.2
2457702.58369,14.604
2457702.58418,14.581
2457705.00278,14.8
2457705.2806,13.6
2457710.45694,12.3
2457711.5257,14
2457712.0375,14.1
2457712.2,14.2
2457712.56458,14
2457713.63125,13.7
2457714.25,14.6
2457714.29,13.2
2457718.3,13.5
2457718.3924,10.9
2457724.55764,13.5
2457725.27,13.1
2457725.3,13.8
2457726.2,14.2
2457726.3354,13.6
2457726.5,13.7
2457727.25,12.7
2457727.28333,12.8
2457727.3,13
2457727.63569,13.606
2457727.63611,13.583
2457729.2868,13.7
2457729.2944,13.9
2457733.313,13.42
2457738.5,13.2
2457739.22,12.9
2457739.3,12.4
2457749.2,13
2457749.3,13.2
2457750.2174,13.1
2457750.3,12.8
2457751.2,13.6
2457751.2,12.6
2457751.26944,13.1
2457752.254,13
2457755.4875,12.2
2457755.5,12.8
2457756.2021,12.5
2457756.2417,13.2
2457758.3,12.7
2457759.2632,12.7
2457760.2,12.5
2457765.19,12.5
2457768.2792,10.5
2457769.1931,12.4
2457769.2097,12.9
2457773.2,12
2457773.71181,11.5
2457775.2,12.3
2457775.2646,12.5
2457775.3,12.2
2457781.7111,11.7
2457782.6813,11.7
2457784,11.8
2457784.2375,11.9
2457786.6243,11.6
2457788.72917,11.2
2457793.7139,11.05
2457794,11.3
2457797.7049,10.5
2457798.241,10.7
2457799.35347,10.1
2457800.6813,10.3
2457800.73,10.2
2457802.9,10.4
2457803.5965,10.4
2457808.66,9.8
2457808.66319,10.2
2457814.06722,9.41
2457814.06802,9.409
2457815.0602,9.384
2457815.06065,9.401
2457817.06751,9.348
2457817.7125,10.17
2457817.8,10.1
2457818.72,9.6
2457820.40625,9.5
2457823.2972,9.9
2457823.96707,9.304
2457823.96744,9.304
2457824.6597,9.7
2457825.63,9.8
2457826.05014,9.264
2457826.05052,9.273
2457826.491,9.7
2457827.563,9.35
2457828.572,9.32
2457828.6472,9.5
2457829.4792,9.5
2457829.567,9.27
2457831.5347,9.83
2457834.67708,9.2
2457834.69,9.3
2457834.8,10.1
2457836.67,9.2
2457837.62986,9
2457837.6542,9.5
2457838.5354,9
2457839.6208,9.3
2457840.307,9.6
2457840.4,9.5
2457840.5243,9
2457841.6583,9
2457841.67,9.3
2457841.6778,9.68
2457842.41319,8.7
2457843.6632,8.8
2457844.5,9.5
2457844.6347,9
2457845.02493,8.847
2457845.02529,8.846
2457845.38,9.4
2457845.59028,9.3
2457845.9,10
2457847.307,9.6
2457849.00459,8.794
2457849.00495,8.791
2457849.61,8.6
2457851.584,8.82
2457851.6375,8.9
2457852.5382,8.8
2457852.572,8.8
2457852.57639,9.2
2457852.6778,9.47
2457853.01663,8.723
2457853.01709,8.724
2457853.549,8.8
2457853.56,8.6
2457853.5653,8.8
2457854.02213,8.729
2457854.0225,8.728
2457854.568,8.78
2457855.537,8.77
2457856.559,8.74
2457856.7,9.4
2457859.5979,8.7
2457861.4778,9.11
2457864.442222,8.814
2457864.9852,8.67
2457864.9856,8.659
2457866.8,9.6
2457867.5715,8.8
2457870.4486,8.8
2457871.54,9
2457873.4,8.8
2457873.44792,9.2
2457873.4861,8.8
2457874.38,9
2457874.74306,9.2
2457875.43,8.9
2457876.3736,8.8
2457876.425,9.1
2457876.7,8.9
2457878.97557,8.776
2457878.97595,8.779
2457879.49,9
2457879.94289,8.802
2457879.94326,8.805
2457880.4097,8.8
2457880.7,9
2457881.52,8.7
2457883.7127,11.019
2457883.7136,8.765
2457883.8,9.7
2457884.39583,9.2
2457884.4201,8.8
2457885.48,9
2457887.36,9
2457887.4618,8.8
2457887.98925,8.905
2457887.98963,8.9
2457888.36,8.8
2457888.38,8.8
2457889.41,8.9
2457891.4,9.2
2457891.5368,9.1
2457892.3,9.8
2457892.4896,9.2
2457893.4,9.6
2457893.42,8.9
2457893.4389,9.6
2457893.58,9
2457893.8,9.9
2457894.35069,9.2
2457894.35417,8.5
2457894.4,9.3
2457894.41667,9.4
2457895.4153,9.2
2457895.5,9.9
2457896.3958,9.2
2457896.6,9.3
2457897.446771,9.217
2457898.31389,9.7
2457898.4201,9.1
2457898.59,9
2457899.4007,9.2
2457899.45833,9.9
2457899.97066,9.077
2457899.97103,9.081
2457900.42,9.1
2457900.4854,9.2
2457901.4,9.4
2457901.4049,9.3
2457901.43,9.5
2457901.5,9.6
2457902.3875,9.4
2457902.43,9.5
2457902.4833,9.3
2457902.5,8.9
2457902.9794,9.159
2457902.97978,9.153
2457903.4194,9.75
2457903.4465,9.3
2457903.9411,9.101
2457903.94215,9.179
2457904.4924,9.3
2457904.6,9.4
2457904.83534,9.178
2457904.83573,9.172
2457905.3681,9.3
2457905.4,9.8
2457905.42014,9.2
2457906.42,9
2457906.4382,9.3
2457906.676829,9.074
2457906.7,10.1
2457906.8833,9.5
2457906.93498,9.21
2457906.93534,9.205
2457907.28542,9.8
2457907.5,9
2457907.73819,9.6
2457907.98694,9.254
2457907.9874,9.24
2457908.6,9.7
2457908.618,9.7
2457908.98251,9.257
2457908.98288,9.266
2457909.4,9.7
2457909.4479,9.4
2457909.97557,9.289
2457909.97594,9.297
2457910.42014,9.4
2457910.4694,9.72
2457910.96541,9.309
2457910.96578,9.306
2457911.654086,9.316
2457911.96515,9.329
2457911.96553,9.335
2457912.37,9.9
2457912.9728,9.366
2457912.97326,9.363
2457913.42,9.8
2457913.5535,9.4
2457914.55,9.4
2457915.3,9.4
2457915.43056,9.9
2457915.4431,9.9
2457915.678484,9.409
2457915.97784,9.426
2457915.97831,9.416
2457916.7,10.2
2457916.71382,9.486
2457916.71419,9.445
2457917.41111,9.9
2457917.416,9.5
2457917.42,9.7
2457917.644,9.9
2457917.73757,9.441
2457917.73794,9.457
2457918.5,9.8
2457918.96707,9.495
2457918.96752,9.493
2457919.30556,9.8
2457919.38,9.6
2457919.4,9.5
2457919.4188,9.6
2457919.4444,8.7
2457919.6,9.6
2457919.70833,9.513
2457919.7087,9.506
2457920.96407,9.548
2457920.96444,9.535
2457921.42,9.7
2457922.42,9.9
2457922.5,9.8
2457922.513,9.66
2457922.5667,9.6
2457923.411748,9.794
2457923.4271,9.6
2457923.76486,9.597
2457923.76523,9.595
2457924.4111,9.8
2457924.44,9.7
2457924.512,9.69
2457924.6,9.8
2457924.6966,9.62
2457924.69698,9.613
2457925.69668,9.648
2457925.69704,9.655
2457926.3,10
2457926.38,10.1
2457926.4403,9.9
2457926.5,10.1
2457926.6,10.4
2457926.69552,9.668
2457926.69588,9.667
2457926.7625,9.9
2457927.39,9.9
2457927.69383,9.679
2457927.69419,9.688
2457928.4083,9.9
2457928.42,10.3
2457928.68943,9.706
2457928.6898,9.726
2457929.30972,10
2457929.4,9.9
2457929.73686,9.74
2457929.73725,9.738
2457930.0806,10.7
2457930.408889,9.995
2457930.70878,9.772
2457930.70916,9.765
2457930.7174,9.9
2457931.38,10
2457931.42,10.2
2457931.4403,10.21
2457931.4639,10
2457931.6,9.8
2457931.64375,10
2457931.70596,9.809
2457931.70644,9.803
2457932.3,11
2457932.69638,9.824
2457932.69676,9.847
2457933.4167,10.2
2457933.4194,9.7
2457933.69338,9.84
2457933.69374,9.857
2457934.70432,9.917
2457934.70432,9.866
2457934.70471,9.948
2457934.70471,9.898
2457935.32292,10.3
2457935.409,10.4
2457935.47,10.1
2457935.69381,9.931
2457936.6,10.5
2457936.60694,10.9
2457936.69385,9.922
2457936.69432,9.941
2457937.35,10.2
2457937.37,10.4
2457937.47569,10.2
2457937.47639,9.9
2457937.69355,9.953
2457937.69403,9.974
2457938.42,10.4
2457938.4292,10.45
2457938.5,10.1
2457938.651,10.2
2457938.68903,9.988
2457938.68947,9.955
2457939.396505,10.255
2457939.43403,10.3
2457939.46875,10.1
2457939.47,10.5
2457939.5,10.5
2457939.68881,10.021
2457939.68926,10.034
2457940.68854,10.043
2457940.689,10.052
2457941.64028,10.111
2457941.69641,10.092
2457941.69689,10.09
2457941.76347,10.079
2457942.42,10.4
2457943.67361,10.2
2457943.70278,10.146
2457943.70332,10.133
2457944.68633,10.17
2457944.68678,10.157
2457945.30278,10.6
2457945.36,10.9
2457945.55,10.5
2457945.68688,10.182
2457945.68733,10.184
2457946.4076,11
2457946.4208,10.8
2457946.6856,10.217
2457946.6861,10.227
2457947.69115,10.246
2457947.6916,10.251
2457948.3,10.8
2457948.4,10.5
2457948.4076,10.6
2457948.42,10.6
2457948.4806,10.6
2457948.69387,10.271
2457948.69431,10.264
2457949.6,10.4
2457949.69343,10.297
2457949.69388,10.308
2457950.4236,10.8
2457950.5,11.3
2457950.68902,10.39
2457950.68948,10.433
2457950.72215,12.528
2457950.72329,10.242
2457951.38,10.5
2457951.401088,10.536
2457951.44514,10.7
2457952.3896,10.8
2457952.39236,10.5
2457952.4,11.5
2457952.6,10.9
2457952.69194,10.393
2457952.69241,10.388
2457953.29444,10.7
2457953.4,10.8
2457953.5,10.6
2457954.4,11
2457955.4,10.9
2457955.41,10.6
2457955.4181,10.8
2457955.65972,11.2
2457955.773,10.458
2457955.77346,10.491
2457956.3729,10.8
2457956.67684,10.505
2457956.67729,10.493
2457956.7624,10.47
2457957.3819,10.82
2457957.39444,10.6
2457957.4146,10.8
2457957.44,11
2457958.3833,9.7
2457958.4,10.8
2457958.42,10.8
2457958.68439,10.552
2457958.68484,10.554
2457959.3125,11.2
2457959.411331,10.778
2457959.6798,10.589
2457959.68025,10.59
2457960.68574,10.617
2457960.68618,10.617
2457960.75556,10.8
2457961.67368,10.622
2457961.67413,10.642
2457962.42,11
2457962.6,11.2
2457962.67412,10.674
2457962.67449,10.669
2457963.28472,10.9
2457963.71472,10.698
2457963.71508,10.705
2457964.4,11.3
2457964.4,11.4
2457964.48,11.2
2457965.3,11.9
2457965.629,10.7
2457965.6785,10.813
2457965.67889,10.816
2457966.3944,11.1
2457967.3813,10.5
2457967.45,11.3
2457969.29861,11.3
2457969.39,10.9
2457971.37,11.1
2457971.3938,11.2
2457971.66728,10.951
2457972.3958,11.5
2457972.66639,10.998
2457973.384,11.5
2457973.66971,11.03
2457974.27292,11.5
2457974.66336,11.043
2457975.3,12
2457975.6,11.8
2457975.6644,11.073
2457976.5,11.4
2457976.6619,11.112
2457977.29097,11.5
2457977.37,11.6
2457977.4,11.5
2457977.68347,11.155
2457977.6931,11.2
2457977.97917,11
2457978.6681,11.182
2457979.3771,11.6
2457979.42708,11.9
2457979.42778,11.7
2457979.61597,11.7
2457979.66395,11.191
2457980.3715,11.7
2457980.43611,11.7
2457981.36,11.8
2457982.4,12.5
2457982.62222,12.1
2457982.65383,13.707
2457982.65617,11.124
2457983.31,11.6
2457983.38542,12.14
2457983.65028,11.278
2457984.28194,11.9
2457984.4,12.2
2457985.8,12
2457988.72948,5.886
2457988.72997,8.385
2457988.73078,11.258
2457988.73216,13.804
2457989.31,12.4
2457990.3,11.8
2457991.606,12.5
2457991.99306,11.5
2457994.366,12.3
2457995.6,11.9
2457995.8,12.2
2457996.39,12.2
2457996.44792,12.45
2457996.63389,11.561
2457997.3,12.2
2457997.65838,11.907
2457999.27847,12
2457999.42222,12.1
2458001.3715,12.4
2458004.69667,14.487
2458004.69902,11.753
2458006.24236,12.5
2458007.3354,12.4
2458007.6229,12.7
2458007.6755,11.846
2458008.62222,12.4
2458010.26,12.5
2458012.24861,12.8
2458012.36111,12.5
2458012.9875,12.1
2458013.6375,12.6
2458013.8,12.6
2458015.3,13.4
2458015.4743,10.9
2458017.425,12.4
2458018.60137,12.413
2458019.39,12.7
2458019.7,12.7
2458020.3764,13.1
2458020.54028,12.2
2458020.56314,12.288
2458021.586,13.4
2458021.62014,12.3
2458023.26806,12.7
2458024.66223,15.046
2458024.66458,12.299
2458025.5264,13
2458025.56597,12.9
2458025.7,13
2458027.35,12.7
2458029.5958,13.1
2458029.67387,12.525
2458033.02083,12.9
2458034.3,13.6
2458035.27,12.9
2458036.57014,12.2
2458038.33958,12.7
2458038.66958,15.437
2458038.67193,12.684
2458040.54514,12.9
2458041.3,13.7
2458041.3813,13.4
2458041.4,13.5
2458041.418,13.4
2458042.4,13
2458043.28,13.1
2458043.5,13.2
2458043.62741,12.907
2458045.28,13.3
2458045.578,10.8
2458047.3847,10.9
2458049.62712,13.033
2458052.6,13.6
2458054.6,13.5
2458064.28,13
2458064.2931,13.9
2458066.5,13.8
2458067.65885,16.016
2458067.6612,13.505
2458068.312,13.3
2458072.2,13.8
2458075.4431,10.5
2458076.26736,12.7
2458080.6,14.1
2458084.46042,8.3
2458086.2,13.2
2458092.284,13.6
2458094.58104,14.228
2458095.22,13.6
2458104.5,14.5
2458106.3417,10.9
2458109.57654,14.184
2458114.57831,14.269
2458114.59006,14.069
2458114.59061,11.387
2458115.57928,11.331
2458117.58012,11.359
2458125.2125,13.5
2458126.2382,14
2458133.3,13
2458136.2903,10.5
2458144.2,12.7
2458145.08568,12.952
2458145.08637,10.456
2458146.08292,12.92
2458146.08363,10.374
2458147,13.5
2458147.08001,12.852
2458147.08073,10.377
2458147.0815,15.375
2458150.07237,12.615
2458150.07307,10.181
2458154.0667,12.297
2458154.06741,9.935
2458154.06818,14.91
2458155.08466,12.326
2458155.08537,10.069
2458157.06277,12.073
2458157.06348,9.775
2458157.06427,14.663
2458162.9,12.2
2458163.0792,11.73
2458163.07991,9.578
2458164.0338,11.524
2458164.0345,9.361
2458164.03528,14.123
2458165.72,11.8
2458169.31458,11.7
2458171.7049,10.9
2458173.67986,11
2458176.9,11.5
2458183.04243,8.368
2458183.04322,12.574
2458183.97944,10.157
2458183.98015,8.288
2458183.98094,12.394
2458186.00007,10.031
2458186.001,8.215
2458186.00199,12.297
2458186.6201,10.6
2458187.06164,9.962
2458187.06235,8.18
2458187.06314,12.232
2458188.8,10.7
2458190.5139,10.3
2458193.43819,9.9
2458196.63542,9.5
2458197.02192,9.453
2458197.02272,7.777
2458197.02351,11.572
2458197.6264,10
2458197.9,10.2
2458198.61,9.7
2458200.5361,10
2458203.66,9.5
2458213.8,9.1
2458214.4597,8.75
2458214.5819,8.3
2458214.628,8.5
2458215.41667,7.8
2458215.54,8.5
2458216.5965,8.1
2458217.5417,8.1
2458218.38611,7.8
2458219.6,8.3
2458220.51,7.6
2458220.5535,7.9
2458220.59722,7.2
2458223.47,8
2458224.63,6.5
2458226.4188,7.4
2458226.56,7
2458226.58056,7
2458227.53,6.9
2458227.584,7.8
2458228.6042,7.2
2458228.6167,7.97
2458229.43056,6.8
2458229.4688,6.5
2458229.54,6.9
2458229.56,6.7
2458230.01167,7.187
2458230.01287,8.825
2458230.5326,7.2
2458230.8,8.3
2458231.00867,7.356
2458231.00925,6.449
2458231.00985,8.815
2458231.6,7
2458232.00472,7.221
2458232.00524,6.194
2458232.00588,8.689
2458232.391,7.1
2458233.00968,7.291
2458233.01025,6.387
2458233.01089,8.768
2458233.5,7
2458234.59,6.8
2458234.97398,7.272
2458234.97398,7.296
2458234.97451,6.319
2458234.97513,8.71
2458235.4,7.5
2458235.97156,7.127
2458235.97204,6.267
2458235.9726,8.645
2458236.98309,7.131
2458236.98391,6.225
2458236.98454,8.627
2458237.6,6.3
2458237.98148,7.14
2458237.98214,6.263
2458237.98288,8.673
2458238.4083,7.2
2458239.4236,6.5
2458239.8,7.7
2458240.6,6.6
2458241.42,6.6
2458243.4,6.8
2458243.47222,6.6
2458243.4889,7.3
2458243.5556,7.3
2458243.57,6.4
2458243.97444,6.94
2458243.97495,6.027
2458243.97554,8.747
2458243.97611,4.487
2458244.33,7.2
2458244.39236,7.1
2458244.4,7
2458244.4,8
2458244.4,6.3
2458244.44167,7.1
2458245.36,6.9
2458245.4,7.9
2458245.425,7.2
2458245.5,7.1
2458246.3833,7.2
2458246.4618,6.7
2458246.99081,7.656
2458246.99132,6.76
2458246.99192,8.781
2458246.9925,5.138
2458247.39,7.2
2458247.3938,7.3
2458247.4,6.7
2458247.49,6.8
2458247.6,6.7
2458248.35,6.9
2458248.6,8.2
2458249.3806,7.52
2458249.42,6.5
2458249.42708,7
2458249.5,7.5
2458250.34,7.4
2458250.384,7.2
2458250.4201,6.7
2458251.4,6.8
2458251.4,8.3
2458251.4146,7
2458251.42,6.7
2458251.7,7.5
2458252.4278,7.1
2458253.3931,7.1
2458253.4,7.9
2458253.434,7
2458253.5,7.3
2458254.3618,7.063
2458254.44,6.3
2458254.4639,7.48
2458258.3,8.5
2458258.3465,7.6
2458258.35625,7.035
2458258.4618,7.2
2458259.4,8
2458259.4,6.9
2458259.4188,7.2
2458259.44,7.6
2458260.34,7.7
2458260.44,6.7
2458260.5646,7.2
2458261.4049,7.2
2458261.5,7.3
2458261.6,7.6
2458262.4236,7.2
2458263.3361,7.6
2458263.4097,7.5
2458263.45217,7.2739
2458263.59,7
2458263.6,8.2
2458264.3417,7.5
2458264.4,8.2
2458265.4181,7.2
2458265.48217,7.2872
2458266.99422,7.639
2458267.5306,7.3
2458267.99066,7.76
2458267.99117,6.8
2458267.99176,9.341
2458267.99231,5.273
2458268.5,7.3
2458268.99178,7.697
2458268.99229,6.73
2458268.99288,9.35
2458268.99345,5.029
2458269.4313,7.2
2458269.4514,7.3
2458270.3,6.8
2458270.3542,7.9
2458270.36111,8.1
2458271.30069,8
2458271.4403,7.5
2458271.4472,7.82
2458272.4208,7.8
2458272.6,8.3
2458272.98641,7.891
2458272.98692,6.931
2458272.98751,9.468
2458272.98809,5.291
2458273.35694,7.605
2458273.4438,7.2
2458273.46,8.3
2458273.5,7.2
2458274.4278,7.2
2458274.43714,7.6316
2458275.3479,8.1
2458275.43,6.8
2458275.4333,7
2458275.52083,8
2458276.4208,7.3
2458276.44916,7.6421
2458276.45,8.4
2458276.5,7
2458277.43788,7.774
2458277.4924,7.4
2458277.5,8.4
2458277.5222,7.3
2458278.3,8.2
2458278.4028,7.9
2458278.43,6.9
2458278.49,8.3
2458278.98531,8.031
2458278.98582,6.975
2458278.98642,9.277
2458278.98699,5.418
2458280.36,8.1
2458280.38,8.4
2458280.4125,7.5
2458280.43,6.9
2458280.4549,8
2458281.4181,7.8
2458281.6,8.9
2458283.41,7.8
2458283.61859,7.786
2458283.99063,7.849
2458284.4063,7.7
2458284.5,7.7
2458285.40066,7.8468
2458285.4181,8.48
2458285.4215,7.8
2458286.43,8.5
2458286.98869,7.914
2458286.98919,6.734
2458286.98978,9.905
2458286.99035,5.101
2458288.5,8
2458289.35763,8.389
2458290.36,8.4
2458290.45208,8
2458290.5417,8.3
2458291.31597,8.3
2458291.6,9
2458291.83003,8.129
2458292.5,8.5
2458292.98708,8.122
2458292.98758,6.879
2458292.98817,9.692
2458292.98874,5.231
2458294.58821,8.2
2458294.98777,8.091
2458294.98828,6.849
2458294.98887,9.73
2458294.98943,5.132
2458295.4139,8.84
2458295.652,8.5
2458295.97979,8.177
2458295.9803,6.997
2458295.98089,9.812
2458295.98145,5.104
2458296.41681,8.1609
2458296.4993,8.1
2458296.98007,8.159
2458296.98057,6.87
2458296.98116,9.829
2458296.98172,5.107
2458297.4146,8.3
2458299.30903,8.4
2458299.5417,8.3
2458299.63542,8.8
2458299.97354,8.319
2458299.97405,7.023
2458299.97464,9.945
2458299.97521,5.186
2458300.3931,8.4
2458300.4,8.8
2458300.41319,8
2458301.38,8.9
2458301.425,8.3
2458301.5,8.9
2458301.6,9.2
2458301.653,8.9
2458302.38263,9.128
2458302.4,8.8
2458302.4104,8.3
2458302.43,8.2
2458302.6375,8.1
2458302.97299,8.363
2458302.97348,7.013
2458302.97406,10.033
2458302.97463,5.12
2458303.3,8.3
2458303.97897,8.436
2458303.97951,7.175
2458303.98012,10.074
2458303.98068,4.976
2458304.391,8.5
2458304.4007,8.4
2458304.4042,9.89
2458304.41805,9.402
2458306.36,9
2458306.434,8.3
2458306.5,8.7
2458306.66389,8.6
2458306.67431,8.2
2458306.74444,9
2458307.3868,8.621
2458307.3972,8.3
2458307.4,8
2458307.42,8.4
2458307.7283,4.278
2458307.7285,10.756
2458307.7291,8.521
2458308.5292,8.3
2458308.619,9
2458309.41,9.3
2458309.5,9.1
2458309.54,8.4
2458309.98944,8.612
2458309.98987,7.198
2458309.99037,10.311
2458309.99093,4.999
2458310.30278,8.6
2458310.40278,8.5
2458310.416,8.5
2458310.6,9.6
2458311.4625,8.5
2458312.39931,9.8
2458312.4,9.6
2458312.4,9.8
2458312.42292,8.7
2458312.44306,9
2458312.5118,8.7
2458312.675,8.9
2458313.29028,9
2458313.3868,8.7
2458313.44444,8.9
2458313.45,8.4
2458313.59806,8.785
2458314.654,8.9
2458315.4,8.9
2458315.4201,8.7
2458315.99938,8.803
2458315.99988,7.201
2458316.00047,10.517
2458316.4104,8.7
2458317.3903,9.6
2458317.4,9.5
2458317.62778,9.1
2458318.39167,8.9
2458318.4146,9.1
2458319.4139,9.2
2458319.58681,9.6
2458320.3847,8.9
2458321.92603,9.043
2458321.92654,7.425
2458321.92713,10.78
2458321.9277,5.534
2458322.43,9.4
2458323.3854,9.6
2458323.39931,10
2458323.4,8.7
2458323.4104,9.5
2458324.4042,9.5
2458324.62,9.9
2458325.3,9.8
2458325.3972,9.6
2458327.28889,9.4
2458328.4,9.8
2458328.5313,9.3
2458330.3576,9.9
2458331.4,9.9
2458331.41111,9.4
2458331.42,9.7
2458331.42778,9.7
2458332.27778,9.7
2458333.59,9.7
2458334.3493,9.773
2458334.4,9.8
2458334.43,9.8
2458334.5,9.9
2458335.6521,9.8
2458335.67222,9.9
2458336.4014,9.9
2458336.5,9.4
2458336.59722,9.9
2458337.37,9.7
2458337.3826,9.8
2458337.47,10.1
2458337.6,9.9
2458338.4208,9.8
2458339.28056,9.9
2458339.3938,9.9
2458339.4,9.9
2458340.3875,10
2458340.4326,10.2
2458340.45,10.1
2458340.592,9.8
2458341.5,9.6
2458342.3903,9.9
2458342.58403,9.5
2458343.3826,9.9
2458344.27569,9.9
2458344.6,10.2
2458345.38681,9.7
2458345.55,9.9
2458346.3764,10.6
2458346.4181,10
2458347.4,10.3
2458348.3465,10.2
2458348.4,11.3
2458348.5,9.7
2458349.26667,10
2458349.4,10.1
2458349.6,10.2
2458350.3701,10.1
2458352.3,10
2458352.39792,10.2
2458352.4,10.6
2458353.4,9.8
2458353.8,10.5
2458354.5,10.6
2458354.57917,10.2
2458355.626,10.1
2458358.30972,10.413
2458360.3014,10.3
2458360.32778,10.3
2458360.6785,11
2458361.47,10.9
2458361.58056,10.5
2458361.6125,10.7
2458362.3,11.4
2458363.33,10.5
2458363.4167,10.88
2458363.64236,11.2
2458364.6,11.1
2458365.25972,10.2
2458366.47,10.8
2458368.47,11
2458369.34,10.9
2458369.44931,10.8
2458370.36,10.9
2458370.6,10.8
2458370.73333,11.2
2458371.3,10.7
2458372.24653,10.3
2458372.36,10.7
2458374.3,10.8
2458374.3014,11.1
2458374.57,10.8
2458374.6,11.4
2458375.4215,11.1
2458377.34,12.1
2458377.35625,11.7
2458377.6,11.3
2458380.22986,10.8
2458380.4,10.6
2458381.6,11.2
2458382.35,11.4
2458383.5417,11.4
2458383.676,11.2
2458384.6,11.8
2458388.3,11.2
2458389.2833,11.6
2458389.33333,11.5
2458389.4,10.9
2458390.31,11.7
2458390.3806,11.2
2458390.6271,11.6
2458390.63056,11.5
2458391.31,11.9
2458391.6289,13.45
2458391.63102,10.945
2458392.2993,11.6
2458392.3,11.4
2458393.21736,11.3
2458396.3,12.1
2458396.31,11.5
2458396.3965,11.6
2458396.6,11.9
2458396.6076,11.9
2458397.35,12.1
2458397.4097,10.9
2458397.5,11.6
2458398.04167,11.4
2458398.27,11.9
2458398.4053,12
2458399.54583,11.8
2458399.77528,11.148
2458399.77583,8.911
2458399.77641,13.771
2458399.77698,5.745
2458400.2736,11.8
2458400.3,11.8
2458400.52994,11.393
2458401.3,12
2458402.3736,12.1
2458402.40069,11.6
2458402.5882,11.9
2458402.6021,12.6
2458403.53542,11
2458404.27,11.9
2458404.3306,12.5
2458404.53194,11.7
2458405.284,11.9
2458405.35,12.1
2458405.3625,12
2458405.6067,11.342
2458405.6073,9.202
2458405.60803,13.916
2458406.6,12.4
2458406.6069,12
2458408.3,12
2458409.31806,12
2458410.4264,12.1
2458410.551,12.5
2458411.3757,12.1
2458411.97917,11.7
2458413.31458,12.4
2458414.259,12.6
2458418.97917,11.9
2458420.3,12.6
2458421.58333,12.2
2458421.59478,11.764
2458421.59531,9.515
2458421.59593,14.372
2458421.59654,6.538
2458421.66274,14.403
2458421.66644,11.944
2458423.3,12
2458423.32,12.9
2458426.3681,12.8
2458426.3722,11.2
2458427.3063,12.7
2458428.33,12.5
2458429.5,12.8
2458431.2,12.6
2458431.2,13.2
2458433.2,12.8
2458434.52153,12.3
2458434.7,12.7
2458435.609,13.3
2458438.3,12.9
2458438.3396,13.4
2458439.281,12.2
2458440.25,12.5
2458445.96667,12.6
2458446.2674,13
2458448.2722,12.9
2458450.2498,13.2
2458450.4125,10.9
2458451.2,13
2458454.31,13.1
2458457.27501,12.7
2458457.5,13.6
2458458.22,12.9
2458462.3361,10.9
2458463.30036,12.7
2458471.5,13.8
2458475.2653,11.2
2458479.48056,12.2
2458482.2931,11.2
2458482.5,14
2458486.2222,13.8
2458493.3056,11.2
2458504.2083,13.1
2458514.72,11.5
2458524.21,12.4
2458546.9,14.6
2458581.97639,10.9
2458593.44167,12.2
2458594.47223,13.8
2458594.49353,10.9
2458602.8,14.6
2458608.4,13.8
2458608.41598,13.4
2458608.5438,9.7
2458611.39,13.9
2458625.6,13.3
2458626.4562,9.7
2458626.51,11
2458628.4,13
2458629.4,13.4
2458629.69444,12.7
2458633.4368,12.5
2458635.49,12.9
2458636.5104,12.5
2458637.3,12.4
2458637.5292,12.4
2458638.4,12.6
2458638.7,12.2
2458640.4153,12
2458642.35417,10.865
2458642.43,12.3
2458643.416,11.9
2458646.46,12.2
2458646.647,11.4
2458647.70994,12.865
2458647.71133,10.62
2458648.4597,10.7
2458650.65,10.6
2458652.42,10.8
2458653.38,10.9
2458653.7021,10.2
2458655.29306,10.3
2458655.43,10.3
2458656.7,10.7
2458657.42,9.9
2458657.4514,10.1
2458657.75208,9.7
2458658.5,9.6
2458658.5049,10
2458658.628,9.9
2458659.39,10.1
2458659.4229,9.9
2458660.3,9.9
2458660.425,9.9
2458660.46389,10.1
2458660.5597,10.1
2458660.67917,10
2458661.3,9.8
2458661.4215,9.8
2458661.43,9.6
2458661.5,9.9
2458662.4181,9.7
2458663.35,9.4
2458663.42,9.7
2458663.4306,9.7
2458663.5,9.4
2458664.63828,9.184
2458665.37,9.9
2458665.4146,9.7
2458666.4674,9.7
2458667.6,10.1
2458668.28403,9.2
2458668.4167,9.6
2458668.4375,9.4
2458669.5,9.6
2458670.35,9.9
2458670.4396,9.6
2458671.5,9.6
2458672.4,9.7
2458676.29236,9
2458676.3875,9
2458676.56,8.8
2458676.6,9.6
2458676.6625,9.9
2458677.43194,8.9
2458679.35069,8.513
2458679.4,8.9
2458681.41319,9.3
2458682.28958,9
2458682.4313,9
2458684.4,8
2458684.5146,9.2
2458684.643,8.6
2458685.4,9.5
2458685.4,9.3
2458685.43,8
2458686.4146,8.9
2458686.4375,8.34
2458687.35208,8.7
2458687.36,9.4
2458687.4,9.3
2458687.4993,8.8
2458687.74167,8.6
2458687.8,9.5
2458688.28889,8.9
2458688.34583,8.776
2458688.35,9.2
2458688.4,8.9
2458688.4264,8.8
2458688.6,9.3
2458690.3944,8.8
2458690.40208,9.1
2458691.3833,8.8
2458692.33,9
2458692.624,8.2
2458693.4,8
2458694.3,9.3
2458694.35278,9.4
2458694.3792,8.6
2458695.3924,8.7
2458696.37,9
2458696.38889,9.2
2458697.35903,8.69
2458697.4,9.4
2458697.4146,8.7
2458697.6,9.5
2458697.69792,8.9
2458698.3764,8.7
2458698.39722,9.2
2458698.4,9.2
2458698.61613,10.517
2458698.62304,8.665
2458699.37,9
2458699.43,8.8
2458700.3875,8.7
2458700.4,8.6
2458700.606,9
2458700.61944,9.1
2458703.4438,8.7
2458703.46806,9.7
2458705.27639,8.3
2458705.5,8.8
2458706.3979,8.7
2458706.4,8.6
2458707.3347,8.6
2458707.4444,9
2458707.59,8.9
2458707.6,9.4
2458708.39375,9.1
2458708.41507,7.676
2458708.659286,8.618
2458710.3736,8.7
2458710.61406,10.569
2458710.659655,8.687
2458711.38,9
2458711.616487,8.685
2458712.3528,8.3
2458713.6,9.1
2458714.32,9.2
2458714.33611,8.976
2458714.34,9.1
2458714.36,8.8
2458714.37,8.9
2458714.41389,8.3
2458714.68264,8.7
2458715.35625,8.8
2458715.4,9.5
2458715.612135,8.745
2458716.3361,8.5
2458716.36251,8.7
2458716.38542,9.5
2458716.4,9.4
2458716.42292,8.5
2458717.37847,9.5
2458717.3924,8.7
2458717.62,9.1
2458718.27361,8.3
2458718.4132,8.7
2458718.5,8.6
2458718.6,9.6
2458719.36,9.1
2458719.4313,8.7
2458719.594,9.2
2458720.3403,8.8
2458720.38542,8.9
2458721.2,9
2458721.30347,8.718
2458721.31319,8.735
2458721.33889,9.5
2458721.34792,9.2
2458721.35,8.7
2458721.37847,9
2458721.4139,9
2458721.57431,9.1
2458721.71561,10.593
2458721.71628,8.568
2458722.3472,8.8
2458723.38,9
2458723.38,9
2458723.58558,8.728
2458724.63948,10.728
2458724.6465,8.739
2458725.59,9.3
2458726.37,9
2458726.37569,9
2458726.3764,8.7
2458726.4,9.3
2458727.3063,8.7
2458727.33,9.9
2458727.4236,8.7
2458728.35,8.9
2458728.42708,9.6
2458728.63,9.4
2458729.2938,8.8
2458729.6,9.7
2458730.27014,9
2458731.37,8.9
2458731.6,9.3
2458732.29,9
2458732.31,9.5
2458732.4,9.3
2458732.42708,9.3
2458733.125,8.8
2458733.2951,8.8
2458734.4,9.5
2458735.6,9.2
2458736.592,9.6
2458736.6,9
2458737.5951,8.9
2458739.5,9.8
2458740.27153,8.914
2458740.3,9.7
2458740.30208,9.1
2458740.4,9.5
2458740.55527,11.058
2458740.56525,9.011
2458741.2882,9
2458742.3319,8.9
2458742.3472,8.9
2458742.5,9.4
2458744.4,9.8
2458745.3306,9
2458746.3139,9.2
2458746.34722,9.4
2458747.2722,9.2
2458747.33,9.6
2458747.33403,8.74
2458747.56,9.5
2458747.6521,9.4
2458748.2722,9.3
2458748.3,9.4
2458748.36,9.3
2458748.36458,9.8
2458748.375,9.5
2458748.4,9.8
2458749.27,9.7
2458749.2958,9.4
2458749.39931,9.3
2458750.53194,8.8
2458751.3,9.8
2458751.6,10
2458752.31528,9.4
2458752.34,9.9
2458753.2375,9.7
2458753.29167,9.487
2458753.4,9.5
2458754.4,9.5
2458755.48264,9.5
2458755.6,9.7
2458756.45,9.7
2458757.2694,9.6
2458757.67238,11.343
2458757.67255,9.246
2458758.3,9.7
2458758.3728,9.6
2458759.23681,9.9
2458759.2681,9.6
2458761.6,10.3
2458762.34028,10
2458762.5653,9.7
2458763.33,10
2458763.4,10.1
2458763.5035,9.7
2458765.1944,9.79
2458765.27153,9.79
2458765.41,10.3
2458765.566,9.9
2458767.5,9.9
2458768.617,10.2
2458769.21736,10
2458769.3,9.8
2458770.15,9.9
2458770.2847,10.1
2458771.30486,10
2458771.6,10.3
2458772.291,10.3
2458772.3,10.1
2458772.34,10.3
2458772.35,10.1
2458774.19931,10.1
2458774.29861,10
2458774.30764,9.87
2458776.3,10.1
2458776.41,10.5
2458777.29,9.8
2458777.51111,10.3
2458778.22569,10.044
2458778.4,10
2458779.21042,10.1
2458781.6229,10.1
2458782.06944,10.2
2458782.24167,10.256
2458782.25556,10
2458782.3,10.4
2458782.3,10.2
2458784.24375,10.049
2458784.3,10
2458784.35556,10.5
2458784.42,10.7
2458785.3215,10.4
2458785.547,10.7
2458786.3,10.2
2458786.3597,9.4
2458787.3,10.9
2458788.3639,10.7
2458789.02431,10.3
2458789.1632,10.6
2458790.22639,10.2
2458791.52115,10.222
2458791.6,10.8
2458792.5,10.7
2458794.4,10.2
2458796.20417,10.9
2458796.56971,10.359
2458796.98472,10.4
2458797.4417,10.8
2458798.2688,10.6
2458800.51676,10.464
2458801.3,10.7
2458802.27639,11.3
2458803.94097,10.6
2458804.3,10.3
2458805.2,10.8
2458806.19861,11.5
2458806.3,11.2
2458806.3889,10.8
2458807.31944,10.7
2458809.6653,11.5
2458810.3,10.4
2458811.5378,10.71
2458813.3129,11.2
2458813.5361,10.8
2458814.5,11.6
2458815.20764,11.9
2458817.4,11.5
2458818.3,11
2458818.33,11
2458818.4,11.3
2458820.17569,10.9
2458821.3,11
2458822.23958,11.6
2458823.3875,11.1
2458825.3243,11.6
2458828.3125,11.3
2458831.18472,12.2
2458835.6549,11.7
2458836.25417,11.2
2458836.5,11.8
2458837.6757,11.9
2458839.3292,11.9
2458848.2,11.8
2458848.2,12.1
2458849.1618,12.1
2458850.2552,12.3
2458852.22292,12.2
2458852.92014,11.9
2458853.2056,12.3
2458856.2,11.9
2458864.3069,12.7
2458867.76,11
2458868.2167,13.2
2458868.9,12.5
2458886.2917,13.1
2458907.03366,13.291
2458923.01856,13.572
2458923.01934,10.996
2458923.02024,15.939
2458926.8,14.3
2458933.5,13.8
2458939.6069,14
2458940.8,14.6
2458943.99688,14.138
2458943.99762,11.436
2458943.99845,16.162
2458943.99919,8.206
2458953.64931,14
2458954.4,15
2458955.8,14.6
2458955.96704,14.359
2458955.96777,11.625
2458955.96859,16.499
2458955.96932,8.314
2458960.42778,12.3
2458960.4375,14
2458961.97748,14.467
2458961.97828,11.682
2458961.97911,16.279
2458961.97987,8.346
2458962.3,15.1
